"year","fl_reg","month","RG_catch","RG_harvest","RG_Discard","RG_weight"
"2004","1","1",4460.06041291489,4158.38335071189,301.677062203,11742.3665232035
"2004","1","10",281505.680902306,121007.303638217,160498.377264193,324116.175917706
"2004","1","11",164248.946852963,18152.406418406,146096.540434557,39963.1252234365
"2004","1","12",10842.7743431383,2241.98442124425,8600.789921894,5674.37133532165
"2004","1","2",7308.92286187906,7308.92286187906,0,38055.1250337667
"2004","1","3",114716.870435058,53104.7322889766,61612.138146081,237249.314367847
"2004","1","4",296302.075386031,107538.73121495,188763.34416825,396699.761485267
"2004","1","5",188220.206955645,57040.5977174793,131179.609238197,119667.347020686
"2004","1","6",122328.989057849,48948.8430931982,73380.1459646482,106385.994787407
"2004","1","7",174880.777846584,33408.8843384633,141471.893508432,77464.3473589301
"2004","1","8",375219.700331689,77157.8277666528,298061.872565449,211036.061606004
"2004","1","9",27905.8165585306,7644.60137958956,20261.215178951,22680.5251856377
"2004","2","1",446134.501076653,34573.1309125246,411561.370164128,82618.0439944362
"2004","2","10",326528.268515479,41535.4661605443,284992.802354363,106991.734984619
"2004","2","11",680682.6109054,1065.68876413284,679616.922141267,2708.44252590614
"2004","2","12",164550.69736668,9232.88612484145,155317.811241732,21767.7956737801
"2004","2","2",254485.477508566,24026.6044661852,230458.87304244,96717.9758512697
"2004","2","3",771267.597168255,45729.9616451868,725537.63552305,178543.182228226
"2004","2","4",1313460.10588759,195501.577464529,1117958.5284235,654930.346077346
"2004","2","5",992919.978457909,90647.9637206613,902272.01473705,284949.769601211
"2004","2","6",986763.088439835,74631.0337323729,912132.054708611,198580.892458844
"2004","2","7",409981.635235928,31396.6839439733,378584.951292236,99903.5667238228
"2004","2","8",799979.915304775,114484.025087481,685495.890218032,320181.034744787
"2004","2","9",11432.9591228641,493.398162114073,10939.56096075,1451.82409202753
"2005","1","1",72339.4496133265,25208.7975877385,47130.652025588,72124.3855164446
"2005","1","10",8125.97691776922,2746.05137389045,5379.925543905,7634.66469796013
"2005","1","11",8208.21983466,70.74419332,8137.47564134,242.34237042632
"2005","1","12",6940.405293424,0,6940.405293424,0
"2005","1","2",20422.0973101787,19492.7937190567,929.303591122,47224.1405766331
"2005","1","3",73204.1971251253,12313.3673407427,60890.82978489,32303.3314312966
"2005","1","4",264408.955111271,143836.148527697,120572.806583574,353254.739551892
"2005","1","5",42436.4757943664,17014.0734875633,25422.402306808,48307.6168939482
"2005","1","6",127855.482062005,14078.8170044539,113776.66505756,36441.3092211723
"2005","1","7",121120.781637433,15219.6868807323,105901.0947567,42374.1672233317
"2005","1","8",75980.9805116529,14324.5801938719,61656.400317781,42926.1230520435
"2005","1","9",57129.5623193213,19336.2161965337,37793.346122754,58966.9825532348
"2005","2","1",233194.19720531,18483.9463982641,214710.250805528,60629.3395088306
"2005","2","10",54793.8952946881,93.4557047880778,54700.4395899,197.631587575263
"2005","2","11",13722.541198924,0,13722.541198924,0
"2005","2","12",139089.965025924,0,139089.965025924,0
"2005","2","2",65097.5157847585,6851.3762574116,58246.139527313,19581.7246155894
"2005","2","3",347655.430838729,12487.0472288175,335168.383610156,53135.350310702
"2005","2","4",234470.813646977,12436.2860469507,222034.527600026,42878.5629538263
"2005","2","5",431866.0888993,44694.2219939593,387171.866905364,116424.534527054
"2005","2","6",379492.989082976,42817.2794713209,336675.70961156,171461.783205351
"2005","2","7",92403.5233153866,17203.8960503934,75199.62726506,46995.7780746461
"2005","2","8",360835.5842989,10082.08503647,350753.49926243,27784.2268607111
"2005","2","9",123736.988279462,16967.5710886817,106769.41719078,60578.2494794127
"2006","1","1",0,0,0,0
"2006","1","10",7390.12698372338,795.466892207376,6594.660091516,3131.49203285205
"2006","1","11",77226.7410239372,7550.53989360119,69676.201130336,29745.977364353
"2006","1","12",34511.4483180885,13916.0287075445,20595.419610544,48619.3949815888
"2006","1","2",190440.050691847,32500.1757831634,157939.874908684,83852.7470903481
"2006","1","3",1526.71301319572,709.800732295719,816.9122809,2288.5976001114
"2006","1","4",77181.4407911702,33939.7685223582,43241.672268812,91368.7365030062
"2006","1","5",216431.306951899,22313.4322063162,194117.874744423,74315.5027658073
"2006","1","6",1105094.51112746,160910.571784716,944183.939341991,571052.040172726
"2006","1","7",26673.0915330821,6723.57691229305,19949.514620754,20661.831905795
"2006","1","8",92388.0516937997,17484.7743161646,74903.277377627,68009.9858189222
"2006","1","9",63703.6106521944,23615.9434532542,40087.6671989402,63497.9950565712
"2006","2","1",182138.994939508,4481.03747263366,177657.957466874,14715.7961492918
"2006","2","10",33071.4440908399,2558.56150479694,30512.882586043,5321.13733952862
"2006","2","11",36304.09979822,0,36304.09979822,0
"2006","2","12",130229.65822377,1400.3000433,128829.35818047,3472.744107384
"2006","2","2",65445.2991966745,9364.69885746053,56080.600339214,28777.8856003688
"2006","2","3",57382.9235924054,3555.98432677535,53826.93926563,11555.8917367371
"2006","2","4",31769.8266082678,5109.12515589684,26660.701452371,11442.3692200475
"2006","2","5",124310.087141704,8493.45794581586,115816.62919549,31809.5735722764
"2006","2","6",82412.9776702625,11584.0190519625,70828.9586183,43572.8043690531
"2006","2","7",2265.72304193,873.82302697,1391.90001496,1459.2844550399
"2006","2","8",21191.48835146,0,21191.48835146,0
"2006","2","9",32289.3086711831,2217.21840525306,30072.09026593,8292.39683590029
"2007","1","1",12.4437205941841,12.4437205941841,0,34.8424176595476
"2007","1","10",10867.0932001282,2758.38756061025,8108.705639518,7939.39493867218
"2007","1","11",30189.7846453952,9125.18191114622,21064.602734249,41262.0940389856
"2007","1","12",24066.7651606,14533.8562903,9532.9088703,55277.726862264
"2007","1","2",19920.5806799482,1135.12551916806,18785.4551607801,2187.86948906584
"2007","1","3",88882.6764456287,30412.5156817687,58470.16076386,104507.366240362
"2007","1","4",306262.900026877,21695.6792424148,284567.220784462,82025.1802723569
"2007","1","5",31578.6261577198,11327.9355451218,20250.690612598,32329.3597245247
"2007","1","6",118079.693690408,46916.948927678,71162.7447627,144821.429064739
"2007","1","7",48903.8446282437,16394.6120831267,32509.232545117,53427.0729358939
"2007","1","8",200577.446494927,34727.5708788353,165849.875616151,112263.172026878
"2007","1","9",41029.3353255509,15143.5420823724,25885.793243192,54685.7765512539
"2007","2","1",45539.014556935,3491.801446346,42047.213110589,10010.7229183302
"2007","2","10",44765.2521129745,2010.80393244453,42754.44818053,7470.89566058824
"2007","2","11",41612.6318949248,473.722848475843,41138.909046442,1614.21316706236
"2007","2","12",373445.07434517,16387.274241281,357057.800103889,44210.5798482927
"2007","2","2",25975.801834277,0,25975.801834277,0
"2007","2","3",26468.3478683471,1423.00439060213,25045.343477745,7451.80564148711
"2007","2","4",40737.5487662891,11295.7594281557,29441.789338011,26827.0168700916
"2007","2","5",9967.64344614423,4154.93864050423,5812.70480564,9196.26419114084
"2007","2","6",106187.280753457,5011.67848516719,101175.60226829,15027.9297827234
"2007","2","7",210741.817840031,43031.702009763,167710.1158298,136612.24041182
"2007","2","8",71804.5081632794,14440.3170967994,57364.19106648,44352.8352919248
"2007","2","9",65190.1336283036,5335.14893998359,59854.98468832,14506.0684827113
"2008","1","1",3040.2936984,0,3040.2936984,0
"2008","1","10",18535.6805146364,891.63128703839,17644.049227598,2083.46475227548
"2008","1","11",9767.01230397522,6206.21364169522,3560.79866228,37702.747874299
"2008","1","12",159070.112521281,13348.6281754807,145721.4843458,29133.1327967368
"2008","1","2",72937.4124915964,17998.4397500964,54938.9727415,59385.1518080161
"2008","1","3",61964.1300310245,23146.7796121775,38817.350418847,47986.5841401722
"2008","1","4",12082.1722579561,10940.6077177941,1141.564540162,45291.0570292621
"2008","1","5",17470.7565150613,4754.85088132635,12715.905633735,14589.4728719223
"2008","1","6",142360.40673589,16065.7011198025,126294.705616087,58294.6729353329
"2008","1","7",119550.011736258,14801.634061796,104748.377674462,43257.574242264
"2008","1","8",30047.7251521945,9719.05845497653,20328.666697218,24818.2223284301
"2008","1","9",135782.496058993,1131.91805195272,134650.578007024,4801.09374215967
"2008","2","1",593352.95050982,16335.75385216,577017.19665766,47959.6735491929
"2008","2","10",388029.460384874,7704.03575930136,380325.42462545,20677.2817119163
"2008","2","11",686885.058555597,12912.435105148,673972.623450449,26340.3739140518
"2008","2","12",937223.638960327,10947.3127998982,926276.326160453,42860.6080744167
"2008","2","2",336482.548255406,8018.68453026385,328463.86372518,22571.1037173164
"2008","2","3",415633.271278575,6920.34354507687,408712.927733928,15889.819920315
"2008","2","4",53180.8942382735,4072.94330804347,49107.95093023,9673.54788192527
"2008","2","5",782771.40839181,11628.6704392778,771142.73795252,29810.6924342949
"2008","2","6",397767.604716271,16984.8301593009,380782.77455697,44081.2609211243
"2008","2","7",550841.799151391,24621.9680598554,526219.83109149,69907.2648829454
"2008","2","8",170161.203758607,6469.50897407692,163691.69478453,16318.84276946
"2008","2","9",339564.209778038,4965.05142539781,334599.15835264,10546.0288847155
"2009","1","1",20970.5943099188,3057.21313725378,17913.381172665,5937.80534300104
"2009","1","10",745.912733715936,114.178161568936,631.734572147,323.496683661
"2009","1","11",21797.9542355,4546.0678625,17251.886373,9728.58522575
"2009","1","12",1552.40164182,543.340574637,1009.061067183,1341.27501853248
"2009","1","2",3.8053298984,0,3.8053298984,0
"2009","1","3",1226.89425033639,60.2939639063938,1166.60028643,318.352129437401
"2009","1","4",23617.7415869346,2244.69147520759,21373.050111727,12657.6356783905
"2009","1","5",61385.7260455591,7227.63198364706,54158.094061912,28880.2406806194
"2009","1","6",12283.2054282324,3524.42659527637,8758.778832956,10505.9493948381
"2009","1","7",92232.4346725825,11098.9754917545,81133.459180828,60389.0308986948
"2009","1","8",106765.758137573,42063.9006628215,64701.857474752,144267.94097136
"2009","1","9",28950.1797220556,6810.41612579165,22139.763596264,21252.3408372417
"2009","2","1",966873.234745574,7661.53920864,959211.695536934,12765.0369824328
"2009","2","10",518701.571795443,11837.3956771332,506864.17611799,29777.0327083058
"2009","2","11",374227.573367731,10575.9112400882,363651.662127625,25268.8019797061
"2009","2","12",599652.696319424,6666.63753377489,592986.058785649,24903.1721410392
"2009","2","2",230335.944908798,0,230335.944908798,0
"2009","2","3",108603.804328636,726.008198456178,107877.79613018,2003.01531486937
"2009","2","4",225388.357926569,8321.88439365584,217066.47353298,28736.8704845057
"2009","2","5",989817.832121414,18865.9173802398,970951.9147411,58050.3831668375
"2009","2","6",607879.835083539,13558.9615883893,594320.87349515,51555.9945168404
"2009","2","7",326643.043996591,29535.386088659,297107.65790826,116615.966741107
"2009","2","8",322606.783253521,8954.22924677323,313652.55400655,38216.3630863869
"2009","2","9",239840.58104733,6530.52204181969,233310.05900551,28674.0727773479
"2010","1","1",0,0,0,0
"2010","1","10",214108.12176825,33534.4115666126,180573.71020205,86106.7104776778
"2010","1","11",78320.899850585,49243.988897785,29076.9109528,117711.445759334
"2010","1","12",0,0,0,0
"2010","1","2",6381.7259216,0,6381.7259216,0
"2010","1","3",2623.179082537,0,2623.179082537,0
"2010","1","4",33959.2641516296,13829.7784624636,20129.485689166,74805.7967840109
"2010","1","5",15267.1719811066,1098.95550585557,14168.216475251,2927.99829716079
"2010","1","6",145037.114539503,21091.1525458506,123945.961993653,67066.4180237166
"2010","1","7",25883.5066055858,1790.38566542784,24093.120940158,4123.86089072014
"2010","1","8",4443.94646203813,4287.45865344514,156.487808593,9157.41317793672
"2010","1","9",9276.16940212282,7770.78851103082,1505.380891092,22912.8664303173
"2010","2","1",26627.2389505876,2106.56758999263,24520.671360595,6364.5404191167
"2010","2","10",581914.762794023,30505.7035269728,551409.05926828,78073.8466923174
"2010","2","11",1933178.34152895,56668.125157635,1876510.21637129,145578.279183505
"2010","2","12",217522.738217211,1275.08525130616,216247.652965857,2760.69201951772
"2010","2","2",21979.8671871,0,21979.8671871,0
"2010","2","3",13733.018828998,0,13733.018828998,0
"2010","2","4",430921.134269233,5388.5979301713,425532.536339062,14031.4333871508
"2010","2","5",557378.13084243,23193.8657082518,534184.2651329,58850.3803317389
"2010","2","6",356979.289618055,29281.0893040547,327698.20031439,70566.4241173684
"2010","2","7",445831.529519985,10469.0608748619,435362.46864516,25224.7192083782
"2010","2","8",104566.38677273,18784.6613574796,85781.725415,65834.2137454162
"2010","2","9",600446.656592212,15833.0247683697,584613.631823827,49286.5828369076
"2011","1","1",11771.3762599932,1712.22893959321,10059.1473204,4812.28697975695
"2011","1","10",34200.1701400635,16460.7272064935,17739.44293357,32252.9066083873
"2011","1","11",426.212753134241,212.155124413241,214.057628721,579.685592789496
"2011","1","12",466.413233934583,457.840817440283,8.5724164943,1141.17696650298
"2011","1","2",0,0,0,0
"2011","1","3",1893.089869105,0,1893.089869105,0
"2011","1","4",65600.9957434828,4256.13702088376,61344.858722599,12209.8785954004
"2011","1","5",73322.9707171047,12722.6932131817,60600.277503923,28709.2679901835
"2011","1","6",140849.797735426,23096.4500935656,117753.34764186,56680.7131281141
"2011","1","7",68269.4742350978,18397.0388619288,49872.435373169,46586.3202531101
"2011","1","8",9192.62410768812,8087.19552875112,1105.428578937,25304.6940700754
"2011","1","9",60118.6649059892,13121.3141243612,46997.350781628,38596.8628206918
"2011","2","1",433603.756188485,1833.45211056826,431770.304078247,3792.57794145119
"2011","2","10",259753.778006049,6337.1436476537,253416.634358334,14048.1918133247
"2011","2","11",992132.12512725,42094.6368166,950037.48831065,94851.601100354
"2011","2","12",258959.040855249,8081.27179631994,250877.769058934,20903.2587103576
"2011","2","2",25198.080386336,0,25198.080386336,0
"2011","2","3",558829.612234984,0,558829.612234984,0
"2011","2","4",1007451.68791826,19292.2400303039,988159.447890214,50413.348449181
"2011","2","5",690400.08462352,18394.9529783237,672005.13164527,52679.3069487837
"2011","2","6",217964.098335167,9571.04153051367,208393.056804639,22154.3234017168
"2011","2","7",691568.364032614,35718.8735240274,655849.490509543,89333.6048977412
"2011","2","8",253008.281639055,18414.7387507967,234593.54288904,51276.5795168274
"2011","2","9",692688.922380146,17255.0369877033,675433.88539239,42442.9519930269
"2012","1","1",9779.74830801614,22.8273489770359,9756.9209590391,92.7604259441858
"2012","1","10",756.961617276329,756.961617276329,0,2030.48544611378
"2012","1","11",335.763015980152,155.537862439153,180.225153541,424.216810072899
"2012","1","12",4824.8870592,4824.8870592,0,15729.131812992
"2012","1","2",0,0,0,0
"2012","1","3",8983.4254175678,10.3700002968026,8973.055417271,32.9766009438934
"2012","1","4",15108.5258571704,15064.0602485374,44.465608633,38004.7394538084
"2012","1","5",45222.9844658732,25052.9437740132,20170.04069186,69425.9018167187
"2012","1","6",160792.090920019,53718.5142556689,107073.57666435,191501.686513256
"2012","1","7",15233.8447780514,6577.16949860541,8656.675279446,22035.8036492334
"2012","1","8",11548.7230119596,9898.12078281356,1650.602229146,28585.398099413
"2012","1","9",9396.89613485651,4367.46423720751,5029.431897649,18875.9460932771
"2012","2","1",513102.544807647,26660.4192406052,486442.125567552,64131.0585315468
"2012","2","10",534587.933774359,28099.1230377269,506488.810736615,80678.6902597078
"2012","2","11",207530.556986068,10474.6245596931,197055.932426486,27776.3234311613
"2012","2","12",626270.608091783,109850.127565371,516420.480526412,235192.457025006
"2012","2","2",605287.761728475,0,605287.761728475,0
"2012","2","3",80118.34979173,3177.25101492,76941.09877681,7884.7195470776
"2012","2","4",555355.106725767,117754.6758312,437600.430894567,298691.751077074
"2012","2","5",785883.627156791,125832.634619161,660050.99253888,485356.651964154
"2012","2","6",367351.780180025,20296.4426877596,347055.33749123,56665.8322890505
"2012","2","7",440163.907968812,32027.3649632774,408136.543005575,74606.8444190388
"2012","2","8",199903.016208604,55639.4299893753,144263.586219041,168380.520839454
"2012","2","9",241031.661028404,31629.4693554749,209402.191673165,72416.5980449995
"2013","1","1",0,0,0,0
"2013","1","10",1596.29427608768,888.698480407679,707.59579568,3041.4891760601
"2013","1","11",0,0,0,0
"2013","1","12",0,0,0,0
"2013","1","2",0,0,0,0
"2013","1","3",1431.0226019,0,1431.0226019,0
"2013","1","4",0,0,0,0
"2013","1","5",3926.12452795756,3926.12452795756,0,7649.14661326749
"2013","1","6",151993.342218024,68506.4740116243,83486.8682064,159931.592515912
"2013","1","7",1443.72839411867,1443.72839411867,0,7738.3841926107
"2013","1","8",1740.55123753927,1122.30648734927,618.24475019,3381.30682985921
"2013","1","9",711.479097253973,711.479097253973,0,2247.25442413666
"2013","2","1",401615.237847413,27922.0003565603,373693.237490865,70389.5265644501
"2013","2","10",554591.434336508,47640.9159283761,506950.518409172,130619.478754317
"2013","2","11",361540.152925627,81689.3815480051,279850.771375496,249175.730897605
"2013","2","12",363450.197316462,79621.5410731791,283828.656243979,226879.708058997
"2013","2","2",211907.127810999,0,211907.127810999,0
"2013","2","3",82376.88583957,0,82376.88583957,0
"2013","2","4",123074.563178,36302.4468725,86772.1163055,88865.3059343456
"2013","2","5",329483.94395247,61431.5524296193,268052.39152328,163946.288243634
"2013","2","6",748541.896728154,88919.0843856589,659622.81234265,253792.156822645
"2013","2","7",1329236.76521009,208756.482319278,1120480.28289066,574889.243568974
"2013","2","8",1204865.72334118,107071.640442553,1097794.0828991,275015.064560347
"2013","2","9",319672.698219012,36999.0567405569,282673.641477591,104441.454071654
"2014","1","1",0,0,0,0
"2014","1","10",0,0,0,0
"2014","1","11",0,0,0,0
"2014","1","12",0,0,0,0
"2014","1","2",0,0,0,0
"2014","1","3",35.9511148547663,35.9511148547663,0,82.6875641695125
"2014","1","4",314.828449865394,314.828449865394,0,1148.36522587898
"2014","1","5",14955.5768589749,13780.6394706749,1174.9373883,38682.4314684967
"2014","1","6",17124.8348583003,12852.4970031583,4272.337855142,41537.6362873366
"2014","1","7",8294.69114255186,8294.69114255186,0,30668.0170517957
"2014","1","8",0,0,0,0
"2014","1","9",0,0,0,0
"2014","2","1",47431.1589211047,4106.54355854592,43324.615362242,8364.20460220391
"2014","2","10",164346.286187185,5537.18048097608,158809.105706094,17287.6525597983
"2014","2","11",371391.140242504,6566.96089926945,364824.179343235,14296.3416131555
"2014","2","12",385268.938048079,2588.23108743122,382680.706960275,9216.86464265952
"2014","2","2",135189.271778182,18069.2518368558,117120.019941326,59417.6053740131
"2014","2","3",183650.938670786,20040.4758557974,163610.462814299,67610.1473652328
"2014","2","4",591213.138957931,151735.263681249,439477.87527695,508539.839200219
"2014","2","5",277705.067836112,13830.9970301213,263874.070806332,36833.8007304234
"2014","2","6",806931.88853852,123608.006850157,683323.881688105,356136.047050447
"2014","2","7",1272301.49843775,304680.105668306,967621.392770358,863631.719310605
"2014","2","8",970201.561804824,149968.036209188,820233.52559685,479431.059451952
"2014","2","9",145064.274998142,22016.389571702,123047.885426461,65632.2451714179
"2015","1","1",0,0,0,0
"2015","1","10",2640.62452228438,2640.62452228438,0,12741.4957368171
"2015","1","11",0,0,0,0
"2015","1","12",0,0,0,0
"2015","1","2",0,0,0,0
"2015","1","3",9232.19462212032,6813.06549407032,2419.12912805,30190.0642167867
"2015","1","4",1137.04459170495,1137.04459170495,0,4110.91536483778
"2015","1","5",15022.6814588778,4428.47717619775,10594.20428268,25041.9844130164
"2015","1","6",10358.2964933999,6579.31493206893,3778.981561331,29041.3450718502
"2015","1","7",15308.8119246887,9696.90959135367,5611.902333335,37964.8467486854
"2015","1","8",22584.7367769036,22222.2982748736,362.43850203,61938.2951059846
"2015","1","9",2692.75570248,0,2692.75570248,0
"2015","2","1",251314.636945974,40715.5950902607,210599.041855713,131948.303860036
"2015","2","10",168978.748959964,4904.72810365998,164074.020856329,15078.3341000208
"2015","2","11",290635.263753472,44.4530851677508,290590.810668304,111.132712917789
"2015","2","12",116885.92758092,894.49962699,115991.42795393,2343.5890227138
"2015","2","2",79369.088003546,65841.9563323492,13527.131671255,241055.05986063
"2015","2","3",293246.588097069,21374.310456154,271872.2776411,69025.7120485114
"2015","2","4",168331.501429813,21487.0961226541,146844.405307122,68828.1993712956
"2015","2","5",280866.659392134,45588.8000985453,235277.859293784,140706.347376904
"2015","2","6",400860.085283739,101761.277757047,299098.807526825,313630.701158657
"2015","2","7",384015.384846493,80167.8433474366,303847.54149907,243556.02373478
"2015","2","8",418905.441444829,64486.5725267002,354418.868918398,197269.953542075
"2015","2","9",228789.783774414,31517.4304555366,197272.353319073,91881.2532416562
"2016","1","1",0,0,0,0
"2016","1","10",1774.94863053382,450.57688252382,1324.37174801,1768.6665136528
"2016","1","11",0,0,0,0
"2016","1","12",0,0,0,0
"2016","1","2",61.8351358325614,61.8351358325614,0,134.800596104657
"2016","1","3",0,0,0,0
"2016","1","4",0,0,0,0
"2016","1","5",4225.3699995899,3034.8742364899,1190.4957631,10413.0111598718
"2016","1","6",23586.8763908696,13647.3805384996,9939.49585237,63850.5992708154
"2016","1","7",3659.1334580944,1349.51723989441,2309.6162182,8474.96826702174
"2016","1","8",9256.27544688767,8198.05289587767,1058.22255101,25698.6666794736
"2016","1","9",1098.69440332346,575.880751033464,522.81365229,1940.45654361527
"2016","2","1",404013.888977289,84398.3635836908,319615.525393598,301746.248134307
"2016","2","10",59499.1362596818,2145.48816912779,57353.648090554,7639.39018581918
"2016","2","11",112554.93110794,13327.1413570121,99227.789750937,45811.4301747999
"2016","2","12",208861.381056765,17877.5863274582,190983.794728634,44496.5950447267
"2016","2","2",13731.7638415642,71.7140020642202,13660.0498395,195.062085606877
"2016","2","3",171636.65853649,23123.1486530297,148513.509882963,59796.2123101168
"2016","2","4",143680.941151286,25860.2532131507,117820.68793816,90800.1661592263
"2016","2","5",516541.702519888,43500.770719493,473040.931801049,112236.981419486
"2016","2","6",342001.287927559,52580.2538906706,289421.034036892,153999.205851648
"2016","2","7",436823.009412961,51324.4962322137,385498.513179808,155786.534364531
"2016","2","8",62954.1628192403,7787.37487958455,55166.787939616,25800.4073497466
"2016","2","9",161655.039908756,50119.790199438,111535.249709283,117995.826316402
"2017","1","1",0,0,0,0
"2017","1","10",4662.291268428,0,4662.291268428,0
"2017","1","11",3481.259947,0,3481.259947,0
"2017","1","12",0,0,0,0
"2017","1","2",0,0,0,0
"2017","1","3",15695.4038026,0,15695.4038026,0
"2017","1","4",4350.7994409,0,4350.7994409,0
"2017","1","5",50045.2573575,0,50045.2573575,0
"2017","1","6",68254.6670615262,16618.0212627162,51636.64579881,56228.6964992941
"2017","1","7",35160.7593893585,11293.0838231785,23867.67556618,32122.0261721569
"2017","1","8",14795.23060376,0,14795.23060376,0
"2017","1","9",7277.50728045659,7231.11949481259,46.387785644,23492.0779919006
"2017","2","1",69884.5980112439,5324.85761686188,64559.740394382,16842.7903531806
"2017","2","10",16985.3768610721,26.1651428120903,16959.21171826,75.3556112997343
"2017","2","11",326124.29102645,20343.5928881629,305780.698138218,73140.1022028572
"2017","2","12",587001.634889393,74145.4894197358,512856.145468907,245380.187907742
"2017","2","2",97293.42041092,3797.54914980827,93495.871261083,10508.7718155381
"2017","2","3",164837.549211143,1618.92779682735,163218.62141439,3886.26348401043
"2017","2","4",43337.7842264289,2643.13725492116,40694.6469715137,6891.50249882374
"2017","2","5",135196.251988872,14107.9929898348,121088.258999044,56291.4784554925
"2017","2","6",337296.693789133,26777.3209010431,310519.372887893,87173.9082271746
"2017","2","7",472703.392293529,28312.3729467894,444391.01934712,83289.9377778488
"2017","2","8",183172.423356593,26137.9574886192,157034.465868237,81720.0985864346
"2017","2","9",56150.5560955487,4415.22898340865,51735.32711214,9230.57194902472
"2018","1","1",0,0,0,0
"2018","1","10",0,0,0,0
"2018","1","11",0,0,0,0
"2018","1","12",0,0,0,0
"2018","1","2",0,0,0,0
"2018","1","3",0,0,0,0
"2018","1","4",0,0,0,0
"2018","1","5",6306.88225418456,1106.30095780456,5200.58129638,7380.12550321953
"2018","1","6",575206.025189114,32913.1059500504,542292.91923982,142305.191757007
"2018","1","7",368216.101446791,11443.8165325611,356772.28491423,40099.8385674561
"2018","1","8",5923.83037787211,1147.15185419211,4776.67852368,2145.17396734641
"2018","1","9",56786.9311054838,11277.9347791298,45508.996326354,29638.1422002289
"2018","2","1",50902.3474807618,314.492777205781,50587.854703556,943.47833164111
"2018","2","10",112093.461668508,14249.2456341765,97844.216034344,32151.9477556735
"2018","2","11",75644.2378051311,17053.2396567928,58590.998148328,62031.649009618
"2018","2","12",79147.0961872286,0,79147.0961872286,0
"2018","2","2",173689.022311255,18098.5240468111,155590.498264444,93498.2419555432
"2018","2","3",434911.540534032,48795.1646465219,386116.37588751,188064.361819516
"2018","2","4",27727.628784925,59.103652586,27668.525132339,255.91881569738
"2018","2","5",208384.729925135,8910.88842772923,199473.841497406,32793.6418260124
"2018","2","6",469955.988572685,34346.0582514382,435609.930321244,118106.06288742
"2018","2","7",172612.719002161,13714.7389696206,158897.980032549,47537.7979079628
"2018","2","8",536252.778408229,56178.6510940393,480074.127314189,122141.198755386
"2018","2","9",229850.493180929,7203.06591203189,222647.427268349,20227.6541959511
"2019","1","1",0,0,0,0
"2019","1","10",0,0,0,0
"2019","1","11",111.37211805,0,111.37211805,0
"2019","1","12",0,0,0,0
"2019","1","2",0,0,0,0
"2019","1","3",0,0,0,0
"2019","1","4",0,0,0,0
"2019","1","5",8767.24765324,0,8767.24765324,0
"2019","1","6",179750.175475959,10518.3045500488,169231.87092591,29524.9278728171
"2019","1","7",80341.5845103508,4521.61816275085,75819.9663476,9252.64797914898
"2019","1","8",103500.133497141,41246.9468564412,62253.1866407,121938.299498133
"2019","1","9",0,0,0,0
"2019","2","1",37435.27229893,0,37435.27229893,0
"2019","2","10",14111.4039593963,1517.78147234254,12593.622486997,4198.9658344467
"2019","2","11",111203.827638412,17133.8016659878,94070.025972424,50320.909046634
"2019","2","12",68406.587291986,11380.040339926,57026.54695206,28362.1884779164
"2019","2","2",263517.880677621,47861.7539122755,215656.126764169,142879.30777859
"2019","2","3",46672.2633814398,10094.1506698762,36578.112711569,32047.2548519527
"2019","2","4",85812.2574883749,19524.8978125783,66287.3596758,63471.719336351
"2019","2","5",121871.755141213,21946.4086858746,99925.34645531,107964.51106147
"2019","2","6",579194.985478132,40683.5467630359,538511.438715161,117870.871894899
"2019","2","7",64307.1886378636,11696.1737365163,52611.014901317,32157.1367247877
"2019","2","8",143713.997515424,16623.6402406948,127090.35727479,40078.4629821455
"2019","2","9",29857.5230182161,5719.75953489926,24137.763483335,14619.335540788
"2020","1","1",0,0,0,0
"2020","1","10",0,0,0,0
"2020","1","11",7558.36333581477,94.8228532147716,7463.5404826,244.642961302286
"2020","1","12",0,0,0,0
"2020","1","2",0,0,0,0
"2020","1","3",0,0,0,0
"2020","1","4",0,0,0,0
"2020","1","5",4225.89934247901,535.734001399007,3690.16534108,3514.41504911534
"2020","1","6",32414.8699517385,6296.62736569854,26118.24258604,19610.0833398694
"2020","1","7",249989.811107168,64765.600906569,185224.2101997,179419.208012291
"2020","1","8",197.404308792261,197.404308792261,0,469.822254936716
"2020","1","9",0,0,0,0
"2020","2","1",34048.6110080375,2003.2393905615,32045.371617476,3708.53851665009
"2020","2","10",89742.5788534131,37082.1176063481,52660.461247065,142867.654426048
"2020","2","11",65346.2489002588,5921.24218377679,59425.006716482,20800.5935775296
"2020","2","12",180614.470690737,14912.3189180572,165702.15177268,40516.7478542221
"2020","2","2",7224.57677088,1377.61520055,5846.96157033,2965.1082856186
"2020","2","3",202509.422756661,35557.1494498138,166952.273307028,166946.93709985
"2020","2","4",38718.3883633359,6530.49943854805,32187.8889247888,21800.9873033832
"2020","2","5",262166.45172899,17271.9399104854,244894.511818403,76770.4660008898
"2020","2","6",124182.508294683,13177.4230892168,111005.08520543,60139.1104660424
"2020","2","7",168607.119277885,3627.64557759476,164979.47370029,8678.74620104406
"2020","2","8",114625.161031808,12600.0337588081,102025.127273,32113.2289677979
"2020","2","9",289767.550050161,86584.1934281258,203183.35662261,206019.496639612
"2021","1","1",0,0,0,0
"2021","1","10",0,0,0,0
"2021","1","11",22799.8210948,0,22799.8210948,0
"2021","1","12",7202.6664422,0,7202.6664422,0
"2021","1","2",7.32927581578729,7.32927581578729,0,50.4254176123526
"2021","1","3",0,0,0,0
"2021","1","4",0,0,0,0
"2021","1","5",2151.72449282405,2031.20693112005,120.517561704,6000.76561921476
"2021","1","6",171469.143300844,70997.3763848436,100471.766916,356573.703830626
"2021","1","7",15453.4078724627,5826.33383206268,9627.0740404,31694.8432817917
"2021","1","8",589.328640572318,589.328640572318,0,1416.69629114661
"2021","1","9",0,0,0,0
"2021","2","1",111227.777741235,13982.4691699247,97245.308572842,44888.2844973632
"2021","2","10",34026.65241861,0,34026.65241861,0
"2021","2","11",108029.176889954,11.369944596,108017.806945358,19.3289058132
"2021","2","12",149422.884110274,0,149422.884110274,0
"2021","2","2",203037.036151563,3850.93080723127,199186.105344302,10161.0551807844
"2021","2","3",48680.6947336674,19034.1337706523,29646.560963015,69421.4014436389
"2021","2","4",146781.10769774,32811.1602106842,113969.94748781,114020.938353096
"2021","2","5",267618.447795645,25432.5011711237,242185.946624015,94830.0384455597
"2021","2","6",708481.540244478,43865.4345717052,664616.105672911,142736.34198112
"2021","2","7",238831.437497639,52916.8627951377,185914.574703322,147286.13901648
"2021","2","8",145026.609246629,12367.4009071697,132659.208339459,36881.3872513866
"2021","2","9",46319.8556552519,1904.88006534315,44414.975589913,7907.01715278616
"2022","1","1",0,0,0,0
"2022","1","10",314.87984578,0,314.87984578,0
"2022","1","11",0,0,0,0
"2022","1","12",0,0,0,0
"2022","1","2",0,0,0,0
"2022","1","3",440.174170871244,440.174170871244,0,2440.21828497952
"2022","1","4",0,0,0,0
"2022","1","5",39770.4428019023,29640.9032994023,10129.5395025,93415.8342982182
"2022","1","6",78276.3172449015,11245.1455406205,67031.171704281,42822.1817491983
"2022","1","7",303192.534056955,141691.890713416,161500.6433389,487337.260379686
"2022","1","8",418.70517491508,418.70517491508,0,1592.34540178715
"2022","1","9",0,0,0,0
"2022","2","1",191886.019554756,10605.2171779361,181280.80237682,29067.9538746595
"2022","2","10",22570.113750773,0,22570.113750773,0
"2022","2","11",52261.30961433,0,52261.30961433,0
"2022","2","12",326165.340415925,0,326165.340415925,0
"2022","2","2",145102.604903778,12609.5302256131,132493.074678165,54260.286363012
"2022","2","3",84338.02628781,0,84338.02628781,0
"2022","2","4",95870.4082121047,35617.5183898967,60252.889822208,94934.7475249498
"2022","2","5",136200.915553406,22882.9685421343,113317.947011442,82838.6727171574
"2022","2","6",152370.675426376,43938.3566013843,108432.318824942,230389.796715654
"2022","2","7",514734.258674759,64055.3158193868,450678.942858368,235309.899327596
"2022","2","8",146681.670426666,11244.7395290716,135436.930897594,39271.4585918976
"2022","2","9",53566.7257357,0,53566.7257357,0
"2023","1","1",0,0,0,0
"2023","1","10",152357.1734814,0,152357.1734814,0
"2023","1","11",43872.3846752,0,43872.3846752,0
"2023","1","12",0,0,0,0
"2023","1","2",0,0,0,0
"2023","1","3",0,0,0,0
"2023","1","4",0,0,0,0
"2023","1","5",6294.71581089186,5863.14017935186,431.57563154,14270.0552719073
"2023","1","6",8041.07218611362,2165.04995701362,5876.0222291,6630.26531608003
"2023","1","7",3940.22894233645,1314.65771466645,2625.57122767,4524.47132162058
"2023","1","8",5743.275849271,0,5743.275849271,0
"2023","1","9",2827.9802247,0,2827.9802247,0
"2023","2","1",304148.290955616,2202.19800365983,301946.092951874,8193.02638304686
"2023","2","10",146636.645302291,2020.0357226,144616.609579691,8463.949677694
"2023","2","11",146530.85740198,0,146530.85740198,0
"2023","2","12",37230.895760235,0,37230.895760235,0
"2023","2","2",274432.597453775,52298.5377918104,222134.059661877,191729.1891342
"2023","2","3",146992.086833787,19918.2085246402,127073.878309147,78680.5874168222
"2023","2","4",185085.49094245,18807.1235373173,166278.367405097,71313.7539948135
"2023","2","5",248822.920361988,7546.92117477779,241275.999187118,22923.6925113704
"2023","2","6",301917.828638538,35110.2770649366,266807.551573641,125418.172530956
"2023","2","7",747842.06925536,163180.206091287,584661.863162753,553677.062563218
"2023","2","8",382036.365324996,18102.714935,363933.650389996,75234.88326986
"2023","2","9",53883.7024663422,0,53883.7024663422,0
