"year","fl_reg","month","Gag_catch","Gag_harvest","Gag_Discard","Gag_weight"
"2004","1","1",15777.8004261747,211.788099701702,15566.012326473,567.311629902544
"2004","1","10",1146350.10368341,139558.054008004,1006792.04967566,406530.999695639
"2004","1","11",208990.961893225,53691.0745415352,155299.887351715,149458.182831386
"2004","1","12",163161.417145708,32237.5337649185,130923.883380788,104682.799663825
"2004","1","2",17053.1799025943,4932.79569009428,12120.3842125,13001.9084171335
"2004","1","3",259002.261629621,110071.01962654,148931.242003071,389689.038493947
"2004","1","4",409058.575881156,86572.625266517,322485.95061306,306119.8724974
"2004","1","5",203319.580290621,92281.5268264449,111038.053464155,259247.099816884
"2004","1","6",123565.532859637,34961.3745346815,88604.1583248714,101215.657985296
"2004","1","7",220060.124275344,80890.3507842196,139169.773491123,266875.0108602
"2004","1","8",213499.409856639,63637.3484763333,149862.061380246,179184.052069446
"2004","1","9",38425.007427816,13330.2893588509,25094.718068951,49402.4349276989
"2004","2","1",1440006.69821163,237918.263067818,1202088.43514386,885689.670602023
"2004","2","10",426205.67706256,48714.3869126764,377491.290150405,137370.396222422
"2004","2","11",417260.6036059,74353.5066225855,342907.096983345,227764.898043665
"2004","2","12",441528.800572804,64193.5756577088,377335.224915243,181816.022775454
"2004","2","2",387406.178593454,44771.1166639511,342635.061929533,160532.271651651
"2004","2","3",552231.340833453,49244.583492398,502986.757341771,208811.428808684
"2004","2","4",705377.149846067,101272.027157453,604105.12268816,345939.720596274
"2004","2","5",729160.814837718,56431.0738944102,672729.740943308,167108.310438108
"2004","2","6",507451.663211843,15004.9953541214,492446.667857701,52093.2250536079
"2004","2","7",118817.399434229,14060.1216044221,104757.277829559,47051.812914199
"2004","2","8",269071.353579469,24976.1941978691,244095.1593816,72120.3213117656
"2004","2","9",33123.5313571033,5207.80723636325,27915.72412074,14633.8781611226
"2005","1","1",330697.794091238,155448.404464972,175249.389626266,611317.793166809
"2005","1","10",106264.252162832,4725.39778988534,101538.854372958,20405.9923489496
"2005","1","11",206484.523108797,10085.905869495,196398.617239302,35803.0755918604
"2005","1","12",251887.246439992,142318.581819924,109568.664620068,495681.440609865
"2005","1","2",92718.9026506986,34448.1173986876,58270.785252011,148423.3228118
"2005","1","3",152790.646600088,64845.0620528842,87945.584547204,242263.570026672
"2005","1","4",360206.194553183,123973.122967297,236233.071585872,426871.302938584
"2005","1","5",188453.50542302,33502.892099554,154950.613323457,108564.804156351
"2005","1","6",157744.578492476,22438.5523652197,135306.026127241,66953.3265991013
"2005","1","7",178686.204977893,19123.1505898136,159563.054388079,64654.2566387118
"2005","1","8",85216.8344157441,11354.3170165206,73862.517399233,36349.7007568294
"2005","1","9",178405.071713723,41620.7813579779,136784.290355741,120217.253354307
"2005","2","1",160148.353766152,20848.5421171872,139299.811648622,65897.8766984894
"2005","2","10",228251.839959445,20368.2079491444,207883.632010295,60682.6274919659
"2005","2","11",306400.933853794,46423.114127299,259977.819726495,121040.923617743
"2005","2","12",227944.472769115,21116.7598573191,206827.712911796,56682.3927236194
"2005","2","2",509871.699703676,55804.5614957907,454067.138207885,196676.77857417
"2005","2","3",682407.588373434,139942.111474359,542465.476898495,442061.994653117
"2005","2","4",508908.370184768,28345.456817766,480562.913367002,98732.0323290848
"2005","2","5",428730.181253545,39579.2018481536,389150.979405391,142794.11328356
"2005","2","6",171105.747995641,26223.9822388597,144881.765756829,77675.4536394284
"2005","2","7",44586.0362208113,4380.39979679127,40205.63642402,10080.4295287541
"2005","2","8",102432.431003195,17145.9721240164,85286.458879179,52305.4729303398
"2005","2","9",33374.40178701,3393.29964256,29981.10214445,9412.2175535672
"2006","1","1",0,0,0,0
"2006","1","10",20560.5145238458,2162.88017398579,18397.63434986,6240.018686897
"2006","1","11",77482.4738689734,33409.5872801083,44072.8865888651,87303.2511492287
"2006","1","12",453485.142159383,146314.742782683,307170.3993767,389069.354055484
"2006","1","2",256919.096098745,115442.49497495,141476.601123795,241962.052066187
"2006","1","3",38301.2702489104,19755.9321964684,18545.338052442,63111.2317005655
"2006","1","4",43495.7713166067,22049.2658059135,21446.5055106932,73825.9904505695
"2006","1","5",442453.115710767,89994.5512898117,352458.564420941,269709.545677472
"2006","1","6",168931.77572344,47877.0987911878,121054.676932252,175119.611320112
"2006","1","7",182471.781931923,66546.9687121164,115924.813219807,239838.514192544
"2006","1","8",11844.9925228204,3235.30306012842,8609.689462692,11689.3863423466
"2006","1","9",33525.1664508337,9622.38701104468,23902.779439789,25178.3576045095
"2006","2","1",110847.518374383,3569.77393512636,107277.744439253,9762.38974653442
"2006","2","10",58578.5868577916,1283.70653449763,57294.880323294,2584.3401192081
"2006","2","11",284562.705057751,22125.046806939,262437.65825068,62642.1040850348
"2006","2","12",595284.384450775,34645.6485084246,560638.73594235,113406.758369377
"2006","2","2",116392.113997307,9328.54286487265,107063.571132434,31483.4178005714
"2006","2","3",196127.171392811,22501.3144745909,173625.856918211,68179.8666826265
"2006","2","4",87138.5702510776,6335.9932408726,80802.577010205,24075.4664405746
"2006","2","5",32298.301815039,9188.48708403903,23109.814731,33171.7667160438
"2006","2","6",30861.3166674443,6227.98947455429,24633.32719289,24690.7892906563
"2006","2","7",20415.08435303,4408.75356097,16006.33079206,12644.1320845556
"2006","2","8",103370.27795188,4972.4109393,98397.86701258,16657.576646655
"2006","2","9",92573.50536446,4809.51364922,87763.99171524,11932.2075043692
"2007","1","1",99713.8592911903,4852.4551207503,94861.40417044,13681.0290483427
"2007","1","10",156857.375728721,7769.8134235339,149087.562305187,23272.4655684502
"2007","1","11",116618.657611418,29347.9520337952,87270.705577623,105249.863343264
"2007","1","12",168401.228418284,62443.2459729836,105957.9824453,208317.504976264
"2007","1","2",3212.728967019,540.996241919,2671.7327251,3872.68671251652
"2007","1","3",159686.815903672,32175.8292771988,127510.986626473,202706.69402367
"2007","1","4",79554.4115719458,40453.8577624888,39100.553809457,141293.609429995
"2007","1","5",94644.2643247792,25890.4000815462,68753.864243233,120728.434015542
"2007","1","6",119861.979953302,42221.4380100946,77640.541943207,272994.402589694
"2007","1","7",143867.345373285,38455.6570987151,105411.68827457,134596.564783926
"2007","1","8",114426.36734542,29947.0590002482,84479.308345172,102814.210754557
"2007","1","9",37947.7583576031,13153.2946733301,24794.463684273,50134.8735366972
"2007","2","1",166171.494552476,19737.00746373,146434.487088746,69624.3396170449
"2007","2","10",152803.432255843,2995.78505924545,149807.647196598,11046.4486838306
"2007","2","11",331709.306679142,24122.3501101586,307586.956568983,64836.3992700135
"2007","2","12",641049.624313649,40103.9206626481,600945.703651001,119663.149774906
"2007","2","2",53377.454655189,1123.195565742,52254.259089447,7118.43837595796
"2007","2","3",47562.6340702405,1810.02993335551,45752.604136885,7538.31240168372
"2007","2","4",138941.508740298,13401.6859341044,125539.822806132,37178.7924881838
"2007","2","5",100988.101290804,6276.77358634391,94711.32770446,18088.8118215826
"2007","2","6",73159.78382362,7822.62670814,65337.15711548,26945.0651627133
"2007","2","7",91257.5404328942,12871.4390869742,78386.10134592,45851.814928037
"2007","2","8",75562.4054459769,10324.5053188468,65237.90012713,42252.5923710871
"2007","2","9",95211.60486314,498.05487313,94713.54999001,1374.6314498388
"2008","1","1",47776.7191072,18209.1145512,29567.604556,66689.547624624
"2008","1","10",97778.0027710979,3741.52892701894,94036.473844079,13224.699447815
"2008","1","11",74326.4043351726,25774.7617852126,48551.64254996,83681.192972928
"2008","1","12",262850.026605707,14134.1897292525,248715.8368768,42843.9381839163
"2008","1","2",232083.011861083,89582.753205483,142500.2586556,273454.238107695
"2008","1","3",180940.090372857,119542.522203527,61397.56816933,655950.521026102
"2008","1","4",33512.7684320351,9682.60207498814,23830.166357047,37359.3222220803
"2008","1","5",196511.242014344,24807.1680277975,171704.073986546,82903.8212099468
"2008","1","6",371581.942136765,84169.2494793857,287412.692657379,320665.572161532
"2008","1","7",30157.5605138437,4595.65680187572,25561.903711968,14654.2494794918
"2008","1","8",58039.238441213,24506.388833778,33532.849607435,101757.108737921
"2008","1","9",272600.643211952,42739.7534614763,229860.889750472,122263.818194415
"2008","2","1",712103.46987793,64328.102724,647775.36715393,211887.970681514
"2008","2","10",228770.905824512,9210.88340035982,219560.02242413,25075.1776711374
"2008","2","11",620883.435609102,43837.4553200217,577045.980289542,155068.916327671
"2008","2","12",1055222.98295072,90034.2725975736,965188.71035086,232174.612032519
"2008","2","2",976324.528807257,56036.9545651213,920287.574242136,182069.142395635
"2008","2","3",413136.002785357,36317.1791694567,376818.823615965,94307.5833300988
"2008","2","4",272520.983452493,36947.5467942664,235573.436657523,117972.798421275
"2008","2","5",404809.984524163,22548.7356568431,382261.24886732,60362.6103013451
"2008","2","6",310549.30204514,23471.5269514905,287077.77509365,55398.0977275929
"2008","2","7",205856.066684914,5260.32925830371,200595.73742661,19369.8590370067
"2008","2","8",74112.17921606,5120.10253837,68992.07667769,14064.5622170195
"2008","2","9",228275.67118842,19903.5763798117,208372.09480871,61058.5377726977
"2009","1","1",105927.856362728,38324.3629252185,67603.493437509,114106.824809297
"2009","1","10",51426.0401132642,131.307870046231,51294.732243218,450.12306268546
"2009","1","11",260293.891573351,21788.0551080733,238505.836465278,58934.5025908434
"2009","1","12",5438.563188775,698.580738819,4739.982449956,2360.58193655149
"2009","1","2",70.23452522,0,70.23452522,0
"2009","1","3",14415.99484801,0,14415.99484801,0
"2009","1","4",87173.0018671774,19955.5047537474,67217.49711343,58960.1924269082
"2009","1","5",296817.472407988,37907.1657510553,258910.306656933,114504.271674713
"2009","1","6",134813.317788537,5132.56309871923,129680.754689849,22789.3474303711
"2009","1","7",150393.567707961,6480.12683332035,143913.440874641,25160.3080455273
"2009","1","8",56519.7551860705,7013.41804651554,49506.337139555,24216.1271873338
"2009","1","9",8013.71095056568,2464.86411325068,5548.846837315,6277.15333066889
"2009","2","1",611727.631425915,21005.9591757042,590721.672250211,58570.227367619
"2009","2","10",153315.718286547,16089.114827887,137226.60345866,44651.4567661336
"2009","2","11",408138.144308697,56691.2324886524,351446.91182004,201826.339109156
"2009","2","12",388184.729952531,43500.0162280607,344684.713724493,137396.724186454
"2009","2","2",162571.934222724,0,162571.934222724,0
"2009","2","3",107254.64010078,1241.89493612,106012.74516466,3731.8942830406
"2009","2","4",174928.638392975,12156.1098503442,162772.528542582,35993.2635112579
"2009","2","5",340963.49230527,28258.2497368241,312705.24256824,91877.4311802809
"2009","2","6",154763.803645421,11091.0787843421,143672.72486116,37460.7494387297
"2009","2","7",71118.5295810095,8605.86500658971,62512.66457435,33620.2611247591
"2009","2","8",106566.193260272,17287.4956189821,89278.69764129,48520.6367907816
"2009","2","9",123818.883286015,2811.15225866523,121007.73102735,10093.35349604
"2010","1","1",40013.3228495,3637.5748045,36375.748045,9603.19748388
"2010","1","10",165437.823266031,28486.6982845097,136951.124981848,78814.5491561333
"2010","1","11",24355.4637931335,159.174840993539,24196.28895214,650.412720032695
"2010","1","12",0,0,0,0
"2010","1","2",59896.9565476,0,59896.9565476,0
"2010","1","3",6625.681481553,0,6625.681481553,0
"2010","1","4",26969.6259194466,15362.2787582598,11607.347161162,54718.1823883712
"2010","1","5",57866.1977498636,19749.3223802306,38116.875369633,63245.7847180472
"2010","1","6",204091.047684973,34424.2861876126,169666.761497386,122028.846476824
"2010","1","7",81172.2222414382,15410.3652764042,65761.856965034,48624.5944614787
"2010","1","8",22943.7923395084,4588.52527895836,18355.26706055,10501.5050088212
"2010","1","9",21466.0449588288,2188.35068386477,19277.694274964,7672.74148537208
"2010","2","1",63263.2991983553,8703.0095263231,54560.289672173,26352.0214718734
"2010","2","10",127925.469814387,13405.2638027068,114520.20601168,46046.0024471927
"2010","2","11",723146.228681343,127356.044839243,595790.1838421,385486.892014956
"2010","2","12",105139.362776538,32145.1001234361,72994.262653129,93370.8411497088
"2010","2","2",65974.65973954,0,65974.65973954,0
"2010","2","3",19280.96639559,0,19280.96639559,0
"2010","2","4",430432.781593473,41623.7861911413,388808.995402355,130785.035585427
"2010","2","5",302681.245819565,68219.8980118488,234461.34780751,213801.42848654
"2010","2","6",124470.747201968,11612.2499211743,112858.49728056,37179.1590564678
"2010","2","7",89604.088621418,13657.759046558,75946.32957486,39969.1177426044
"2010","2","8",67517.4831838897,8225.59982011971,59291.88336377,27771.3080850267
"2010","2","9",184738.689848894,16678.1245725892,168060.565276305,51407.0615169145
"2011","1","1",51765.5691877265,6672.04147970447,45093.527708022,16613.3832845075
"2011","1","10",42228.8529109686,27955.8721034226,14272.980807546,70861.6846160804
"2011","1","11",20417.89077246,5969.499168278,14448.391604182,20607.597428803
"2011","1","12",158.2686002683,0,158.2686002683,0
"2011","1","2",0,0,0,0
"2011","1","3",24516.937204722,0,24516.937204722,0
"2011","1","4",138392.161925863,33736.7063747009,104655.455551162,85963.6185968447
"2011","1","5",79637.956330403,31818.18339444,47819.772935963,85436.7116010842
"2011","1","6",197080.83296499,3246.449415,193834.38354999,10388.638128
"2011","1","7",47064.868020655,0,47064.868020655,0
"2011","1","8",14134.38227778,1521.2462813109,12613.1359964691,6813.74151056726
"2011","1","9",36188.4600723174,17386.2965137394,18802.163558578,60897.5874973137
"2011","2","1",128843.460566201,8522.60543681106,120320.855129155,23019.9242501935
"2011","2","10",111809.28921934,15336.1608049291,96473.128414367,49569.8311001027
"2011","2","11",780206.13482055,77743.5650554,702462.56976515,231644.537179705
"2011","2","12",100205.442389663,0,100205.442389663,0
"2011","2","2",39830.257714225,0,39830.257714225,0
"2011","2","3",307066.235488357,0,307066.235488357,0
"2011","2","4",354774.110913726,6315.36317630174,348458.747737424,21508.7929468044
"2011","2","5",217348.41208728,26000.0244264,191348.38766088,68130.667027525
"2011","2","6",57646.45291013,782.67737626,56863.77553387,2543.701472845
"2011","2","7",90688.056339747,0,90688.056339747,0
"2011","2","8",31401.34527661,0,31401.34527661,0
"2011","2","9",90185.6071595575,12229.1960776775,77956.41108188,50248.2337946917
"2012","1","1",9755.4975840695,0,9755.4975840695,0
"2012","1","10",34142.2985719043,13347.8565231803,20794.442048724,42880.4355882711
"2012","1","11",32128.071851061,0,32128.071851061,0
"2012","1","12",8844.880783861,0,8844.880783861,0
"2012","1","2",0,0,0,0
"2012","1","3",10102.2192061153,0,10102.2192061153,0
"2012","1","4",82070.8943251869,33621.4829034,48449.4114217869,118587.773269278
"2012","1","5",187707.907653649,35010.9039583798,152697.003695309,91789.8843844135
"2012","1","6",152413.694751497,24964.3346946561,127449.360057039,76352.503873582
"2012","1","7",36857.871835028,21597.0214185778,15260.850416466,78911.3657444463
"2012","1","8",18297.0270828338,9369.8212921708,8927.205790663,27656.58027797
"2012","1","9",58733.2894528464,6565.7175467694,52167.571906077,20057.7379606686
"2012","2","1",189392.376300731,0,189392.376300731,0
"2012","2","10",112959.912659666,34785.3250624812,78174.587597174,110326.005143717
"2012","2","11",48979.981640742,0,48979.981640742,0
"2012","2","12",69584.332831888,0,69584.332831888,0
"2012","2","2",113768.720774197,0,113768.720774197,0
"2012","2","3",45676.807218517,1056.63784186,44620.169376657,3243.8781745102
"2012","2","4",294735.217468473,0,294735.217468473,0
"2012","2","5",109372.07886121,0,109372.07886121,0
"2012","2","6",41450.20037146,2205.7243077,39244.47606376,6828.9224566392
"2012","2","7",195483.467408204,47750.587853203,147732.879555001,152109.373061064
"2012","2","8",26614.4604847331,5968.37814212112,20646.082342612,20682.1822223118
"2012","2","9",171802.760109947,17420.2768944943,154382.483215488,59794.0358959966
"2013","1","1",26445.3412170072,0,26445.3412170072,0
"2013","1","10",35251.6610694395,2677.63543141954,32574.02563802,9918.36949545552
"2013","1","11",0,0,0,0
"2013","1","12",0,0,0,0
"2013","1","2",0,0,0,0
"2013","1","3",30863.00989982,0,30863.00989982,0
"2013","1","4",898.06017579,0,898.06017579,0
"2013","1","5",138251.255162631,20784.5202491505,117466.73491348,49675.0033951443
"2013","1","6",68305.2701825723,3429.13692417233,64876.1332584,19031.7099287099
"2013","1","7",1872.88237548079,1872.88237548079,0,5747.11607296793
"2013","1","8",5621.42147079229,4081.06924406229,1540.35222673,12098.7475395978
"2013","1","9",2171.96491183699,1024.87520875699,1147.08970308,5700.69409079173
"2013","2","1",127625.803854713,1983.6277632,125642.176091513,6982.369726464
"2013","2","10",81581.5157935175,18785.7730968055,62795.742696712,63632.3105160893
"2013","2","11",287456.919916491,69161.3699278991,218295.549988592,202184.259742519
"2013","2","12",95828.9006816891,9440.58228349207,86388.318398197,22997.3869857502
"2013","2","2",60499.666094773,0,60499.666094773,0
"2013","2","3",127328.1232578,0,127328.1232578,0
"2013","2","4",41947.5852356,0,41947.5852356,0
"2013","2","5",139003.84419682,0,139003.84419682,0
"2013","2","6",93154.58864918,1592.69162163,91561.89702755,6105.317882915
"2013","2","7",390664.356306077,146232.569489267,244431.78681681,459128.796772417
"2013","2","8",121036.961643912,36124.4048708504,84912.556773062,131932.722853488
"2013","2","9",68208.7480066636,16246.2446887875,51962.503317764,52150.0376669568
"2014","1","1",0,0,0,0
"2014","1","10",2472.04782090271,1098.90042084271,1373.14740006,7950.54454474426
"2014","1","11",4573.5546962,4573.5546962,0,15550.08596708
"2014","1","12",0,0,0,0
"2014","1","2",0,0,0,0
"2014","1","3",0,0,0,0
"2014","1","4",1442.117378864,0,1442.117378864,0
"2014","1","5",71705.7140178485,17953.0253751185,53752.68864273,59273.8065372763
"2014","1","6",27262.8786527607,3907.06579335272,23355.812859408,11168.3612699549
"2014","1","7",19536.095619139,15476.812566949,4059.28305219,64671.6291412144
"2014","1","8",13160.7147919457,2557.69261096668,10603.022180979,10784.2407570592
"2014","1","9",1632.26170285602,187.084425256016,1445.1772776,1313.33266532678
"2014","2","1",8972.147086098,0,8972.147086098,0
"2014","2","10",110546.991126935,24799.6712712979,85747.319855637,112752.941364674
"2014","2","11",220670.651924038,70827.017964828,149843.633959156,287841.699733933
"2014","2","12",112207.26407335,0,112207.26407335,0
"2014","2","2",26326.67023141,0,26326.67023141,0
"2014","2","3",33577.5711809843,1235.3080445343,32342.26313645,4323.57815574761
"2014","2","4",77576.918432022,0,77576.918432022,0
"2014","2","5",29248.897213936,0,29248.897213936,0
"2014","2","6",61263.566764343,1235.77937478,60027.787389563,2786.6824901289
"2014","2","7",221501.146047867,100179.766034372,121321.380013672,325310.339356857
"2014","2","8",67908.9123727291,26230.2913651121,41678.621007617,88141.1991099759
"2014","2","9",35749.3566454182,5410.1164533092,30339.240192109,16044.7768077169
"2015","1","1",31.280497097,0,31.280497097,0
"2015","1","10",2341.00363334336,206.403350513359,2134.60028283,1191.69299721311
"2015","1","11",43545.9296091186,33948.0686999186,9597.8609092,104936.854921926
"2015","1","12",0,0,0,0
"2015","1","2",171.13686275,0,171.13686275,0
"2015","1","3",424.83729714,0,424.83729714,0
"2015","1","4",91.311358318,0,91.311358318,0
"2015","1","5",4353.16518307,0,4353.16518307,0
"2015","1","6",44737.300482828,439.04522507,44298.255257758,1150.2984896834
"2015","1","7",9632.54583960372,7482.78993799372,2149.75590161,38823.3322075528
"2015","1","8",27859.8571254374,9544.5214014374,18315.335724,43828.1304795513
"2015","1","9",6786.46538405663,56.7361196566313,6729.7292644,510.625076941007
"2015","2","1",17701.264795891,0,17701.264795891,0
"2015","2","10",95150.2420626843,18924.8405046903,76225.401557994,65826.9720411312
"2015","2","11",284733.200741854,115994.171764987,168739.02897623,552240.342706581
"2015","2","12",23546.72438772,0,23546.72438772,0
"2015","2","2",17231.603049141,0,17231.603049141,0
"2015","2","3",89128.840859168,0,89128.840859168,0
"2015","2","4",14904.001258331,0,14904.001258331,0
"2015","2","5",10752.667594641,0,10752.667594641,0
"2015","2","6",20547.225363563,0,20547.225363563,0
"2015","2","7",84746.8651888983,52648.6969083943,32098.168280504,173946.404993111
"2015","2","8",36103.172500788,4430.66273653287,31672.509764212,13449.1327187464
"2015","2","9",61133.2898786918,5142.23739102177,55991.05248767,15441.0784212028
"2016","1","1",0,0,0,0
"2016","1","10",8790.59527836952,3324.58896390952,5466.00631446,16813.2204985521
"2016","1","11",6642.4912856,0,6642.4912856,0
"2016","1","12",0,0,0,0
"2016","1","2",27936.3975972,0,27936.3975972,0
"2016","1","3",135.7456802,0,135.7456802,0
"2016","1","4",39924.0212001274,2465.33598867742,37458.68521145,9762.73051524628
"2016","1","5",25773.1466365948,5113.65959508485,20659.48704151,17049.9803255273
"2016","1","6",34089.0019163343,19840.2675604013,14248.734355933,99619.6782447745
"2016","1","7",49665.7660165325,4812.95735741154,44852.808659121,21417.1314948593
"2016","1","8",10329.9054924854,215.285939655378,10114.61955283,708.290741453202
"2016","1","9",3459.80478021712,1393.63917780812,2066.165602409,6431.27205379743
"2016","2","1",14395.433819286,0,14395.433819286,0
"2016","2","10",11117.993528347,0,11117.993528347,0
"2016","2","11",158689.216598076,18851.2979318594,139837.918666076,72442.2748562739
"2016","2","12",127911.525395651,57801.8474531474,70109.677942504,243485.447917914
"2016","2","2",7080.07531493,0,7080.07531493,0
"2016","2","3",84634.606474702,0,84634.606474702,0
"2016","2","4",48033.840149288,0,48033.840149288,0
"2016","2","5",433160.001069436,0,433160.001069436,0
"2016","2","6",76637.677509491,20856.3691291507,55781.3083803403,78526.1467997908
"2016","2","7",148471.187835216,49251.8297317257,99219.358103483,213171.071618943
"2016","2","8",10905.5792934997,20.6724349246567,10884.906858575,58.7715650009705
"2016","2","9",69538.6075951862,12257.6097958441,57280.997799342,55469.9501399638
"2017","1","1",0,0,0,0
"2017","1","10",98087.0512040348,7083.10449293074,91003.946711104,22762.4871749038
"2017","1","11",26343.5016284714,6963.51476220139,19379.98686627,29420.8498710145
"2017","1","12",43698.3828169,0,43698.3828169,0
"2017","1","2",76396.8160288,0,76396.8160288,0
"2017","1","3",47205.49481724,0,47205.49481724,0
"2017","1","4",106487.639856664,6029.50239477135,100458.13746068,20580.7015082784
"2017","1","5",183118.775453762,38486.1986832917,144632.57677047,139357.109707917
"2017","1","6",326259.718482942,62195.8825915499,264063.835891801,213482.732860377
"2017","1","7",30816.1910118208,1091.22371000078,29724.96730182,4802.93737717929
"2017","1","8",20605.41667498,576.38261254,20029.03406244,2899.2045410762
"2017","1","9",3946.79724338367,1833.01524533967,2113.781998044,8975.34037330293
"2017","2","1",21838.725342198,0,21838.725342198,0
"2017","2","10",21254.5014270535,481.595506526467,20772.905920527,2958.84417671286
"2017","2","11",211537.770382712,27013.7074512396,184524.062931879,102218.3763403
"2017","2","12",741855.535627525,65516.7956156516,676338.74001285,291714.972590626
"2017","2","2",55720.11942738,0,55720.11942738,0
"2017","2","3",43457.442543286,0,43457.442543286,0
"2017","2","4",43318.3103090895,1059.3585463,42258.9517627895,1800.90952871
"2017","2","5",71528.5346700699,1159.1365433519,70369.398126718,3546.95782285885
"2017","2","6",81825.791296262,6506.48698803303,75319.304308229,23507.9554788703
"2017","2","7",27937.9509258964,5739.07862780442,22198.872298092,31583.2040465754
"2017","2","8",8162.74016383,3257.75889054,4904.98127329,12140.7883848482
"2017","2","9",20194.2008449419,146.90788122086,20047.292963721,429.399718573946
"2018","1","1",0,0,0,0
"2018","1","10",6829.520354555,0,6829.520354555,0
"2018","1","11",14810.0201016,0,14810.0201016,0
"2018","1","12",7945.87973599,0,7945.87973599,0
"2018","1","2",0,0,0,0
"2018","1","3",106.25807527,0,106.25807527,0
"2018","1","4",20079.13295712,4261.0349328,15818.09802432,16930.512132992
"2018","1","5",16430.8641204398,1395.76009149983,15035.10402894,5540.17636516884
"2018","1","6",390142.787599158,45126.1009016078,345016.68669755,177045.373628161
"2018","1","7",197734.504607569,59448.2865005986,138286.21810697,203276.702783892
"2018","1","8",13177.130064187,193.817745187045,12983.312319,867.347372726275
"2018","1","9",34242.5810647562,19223.4282168642,15019.152847892,67670.1408720521
"2018","2","1",9287.052647885,0,9287.052647885,0
"2018","2","10",21464.740558767,2339.86513718305,19124.875421584,8883.78864740468
"2018","2","11",73955.6824808986,33573.817781571,40381.864699312,133968.646462895
"2018","2","12",294238.622396318,21403.8402972585,272834.78209906,80994.872731607
"2018","2","2",108835.815497283,0,108835.815497283,0
"2018","2","3",55175.86082798,0,55175.86082798,0
"2018","2","4",80128.477936178,0,80128.477936178,0
"2018","2","5",80424.480994148,0,80424.480994148,0
"2018","2","6",128698.335287742,31986.1378371355,96712.197450716,122978.065808368
"2018","2","7",45117.5697606547,4683.57948614075,40433.990274514,15359.2296088696
"2018","2","8",124552.290729394,57544.4376183714,67007.8531110221,206844.148574564
"2018","2","9",71263.7854369764,3452.14159113738,67811.643845839,15034.076629657
"2019","1","1",0,0,0,0
"2019","1","10",5335.36383418749,154.419762277487,5180.94407191,420.021753389952
"2019","1","11",3702.6070002,0,3702.6070002,0
"2019","1","12",600.61975002,600.61975002,0,10402.7340703464
"2019","1","2",35604.54678,0,35604.54678,0
"2019","1","3",5391.805466556,0,5391.805466556,0
"2019","1","4",2951.710872681,0,2951.710872681,0
"2019","1","5",86913.028230575,11151.235626053,75761.792604522,36573.872483616
"2019","1","6",345316.046593023,63924.1151432658,281391.931449713,258717.890154454
"2019","1","7",383273.105474373,41699.5337430566,341573.57173456,198730.605030218
"2019","1","8",27330.0137704,5843.7269016,21486.2868688,25459.170201304
"2019","1","9",1070.70054730408,37.3604670440805,1033.34008026,113.949424481419
"2019","2","1",16123.933214313,0,16123.933214313,0
"2019","2","10",21352.7549617715,648.267578766519,20704.487383005,2107.93394314288
"2019","2","11",260195.679339562,61830.8034460495,198364.875895656,269623.244354121
"2019","2","12",56976.1297349576,12435.8093040094,44540.32043112,45181.1449565343
"2019","2","2",9279.755556,0,9279.755556,0
"2019","2","3",56293.947938186,0,56293.947938186,0
"2019","2","4",2606.2497576,0,2606.2497576,0
"2019","2","5",5164.79501834,0,5164.79501834,0
"2019","2","6",141104.092030986,28929.0099195379,112175.082111662,108310.917501028
"2019","2","7",17636.3092036082,2863.35912063824,14772.95008297,9723.77845371394
"2019","2","8",9751.47512764,0,9751.47512764,0
"2019","2","9",41322.040591121,0,41322.040591121,0
"2020","1","1",0,0,0,0
"2020","1","10",12098.2401440165,859.700891966534,11238.53925205,2322.6691942195
"2020","1","11",37815.6133674831,9324.25959956305,28491.35376792,38725.5787650039
"2020","1","12",2355.9099434042,2355.9099434042,0,8905.33958558874
"2020","1","2",0,0,0,0
"2020","1","3",1488.3553382848,0,1488.3553382848,0
"2020","1","4",6626.0763787334,1165.82784882,5460.2485299134,4632.2226526448
"2020","1","5",42029.0964783179,727.680427427915,41301.41605089,2888.37453512963
"2020","1","6",27853.1769166355,2994.9702576355,24858.206659,10328.4059924285
"2020","1","7",40528.5724723249,26393.4170241649,14135.15544816,98045.3849378476
"2020","1","8",5724.3537105,0,5724.3537105,0
"2020","1","9",7410.31797166403,7410.31797166403,0,20159.0600126931
"2020","2","1",112351.46306883,0,112351.46306883,0
"2020","2","10",105386.381927989,11096.4411300822,94289.940797471,38178.6482360386
"2020","2","11",45914.3154679179,16653.1892982588,29261.126169649,54626.7562970358
"2020","2","12",323535.985792926,91993.5692989161,231542.41649401,438660.36956299
"2020","2","2",21485.49277652,0,21485.49277652,0
"2020","2","3",88684.7858375242,0,88684.7858375242,0
"2020","2","4",22839.6101243272,0,22839.6101243272,0
"2020","2","5",271689.771038915,0,271689.771038915,0
"2020","2","6",169686.347399599,40401.1654186871,129285.18198112,140585.363209916
"2020","2","7",77831.7848559563,13741.8738744063,64089.91098155,45307.321737792
"2020","2","8",20356.8199772,0,20356.8199772,0
"2020","2","9",129095.138946601,50853.1159817711,78242.02296483,201690.273326346
"2021","1","1",2748.0437623,0,2748.0437623,0
"2021","1","10",1018.12710185763,1018.12710185763,0,5824.36841146897
"2021","1","11",58882.1948269105,33183.2266147105,25698.9682122,150701.611153359
"2021","1","12",9712.94387176567,7552.14393910567,2160.79993266,28449.9602128914
"2021","1","2",11270.8266326,0,11270.8266326,0
"2021","1","3",0,0,0,0
"2021","1","4",67595.121883677,16931.4332011347,50663.68868268,64186.1868842127
"2021","1","5",31608.895139522,0,31608.895139522,0
"2021","1","6",73011.1605130511,33165.0036862771,39846.156826774,191143.54559846
"2021","1","7",17056.4910148983,1215.95208865933,15840.538926239,6286.48111214385
"2021","1","8",620.65692466442,620.65692466442,0,3959.79117940388
"2021","1","9",2055.06255532545,562.89086652545,1492.1716888,1922.65960847933
"2021","2","1",149962.207874287,0,149962.207874287,0
"2021","2","10",12046.6054995367,1627.99085006016,10418.614649508,8057.88001043406
"2021","2","11",211390.560362037,41432.9251752291,169957.635186881,171025.913896211
"2021","2","12",285747.293491417,71102.0484363817,214645.245055027,280883.259415116
"2021","2","2",54856.240187822,0,54856.240187822,0
"2021","2","3",13899.80101109,0,13899.80101109,0
"2021","2","4",37391.490704364,0,37391.490704364,0
"2021","2","5",18848.967779409,0,18848.967779409,0
"2021","2","6",148369.088344077,18387.6190508647,129981.46929228,66464.5787223266
"2021","2","7",296355.166845085,41669.3311769872,254685.835668098,195946.303486881
"2021","2","8",35561.7372386178,10099.8001914558,25461.937047162,47151.3527181556
"2021","2","9",43107.754248184,1894.40180738597,41213.352440798,5067.50315141654
"2022","1","1",0,0,0,0
"2022","1","10",0,0,0,0
"2022","1","11",0,0,0,0
"2022","1","12",5788.7780436448,5788.7780436448,0,27923.0181680504
"2022","1","2",0,0,0,0
"2022","1","3",10582.70739105,0,10582.70739105,0
"2022","1","4",14092.19270399,0,14092.19270399,0
"2022","1","5",214555.614733724,53448.0369373543,161107.57779637,201287.467900182
"2022","1","6",109320.901822301,12826.5636966384,96494.338125663,67681.6406526818
"2022","1","7",88742.4752287312,37069.8346924612,51672.64053627,232675.105461368
"2022","1","8",21360.285995308,1350.300988958,20009.98500635,4174.73319605854
"2022","1","9",0,0,0,0
"2022","2","1",31997.70264466,0,31997.70264466,0
"2022","2","10",122748.881593975,23699.8228343904,99049.058759663,82264.7172000237
"2022","2","11",62191.3645748215,22713.8275123655,39477.537062456,93047.8968625394
"2022","2","12",290649.790362738,104399.37150711,186250.418854449,457523.240101201
"2022","2","2",66129.96212331,0,66129.96212331,0
"2022","2","3",1563.22582584,0,1563.22582584,0
"2022","2","4",17510.35529848,0,17510.35529848,0
"2022","2","5",94901.5419377042,4092.99303900924,90808.548898695,16453.8320169919
"2022","2","6",62092.4990329156,15884.8606306468,46207.63840233,74830.8686621436
"2022","2","7",57049.4295932194,14915.1848757585,42134.244717472,54496.1448546001
"2022","2","8",128824.051433542,12327.0509291616,116497.00050438,30781.1850540074
"2022","2","9",40882.001146115,4626.704259955,36255.29688616,16802.988678361
"2023","1","1",28350.8245448,0,28350.8245448,0
"2023","1","10",133835.13520414,28558.16331739,105276.97188675,116679.557132085
"2023","1","11",44873.9375599,0,44873.9375599,0
"2023","1","12",0,0,0,0
"2023","1","2",5919.1999684,0,5919.1999684,0
"2023","1","3",170.70281833,0,170.70281833,0
"2023","1","4",7625.6039459,0,7625.6039459,0
"2023","1","5",12110.462275586,0,12110.462275586,0
"2023","1","6",14149.50377393,0,14149.50377393,0
"2023","1","7",144497.52704619,0,144497.52704619,0
"2023","1","8",2404.411709741,0,2404.411709741,0
"2023","1","9",13641.0974140482,13461.1625093102,179.934904738,60034.4217501942
"2023","2","1",241286.872445411,0,241286.872445411,0
"2023","2","10",89675.4994470012,12359.0066235502,77316.492823451,66241.0908976972
"2023","2","11",151656.984342085,0,151656.984342085,0
"2023","2","12",257640.303966874,0,257640.303966874,0
"2023","2","2",85225.952918532,0,85225.952918532,0
"2023","2","3",13177.305899137,0,13177.305899137,0
"2023","2","4",16909.59922712,0,16909.59922712,0
"2023","2","5",11231.196222276,0,11231.196222276,0
"2023","2","6",21000.069059644,0,21000.069059644,0
"2023","2","7",51420.330206137,0,51420.330206137,0
"2023","2","8",32497.561377168,0,32497.561377168,0
"2023","2","9",145030.425442224,27609.0223119862,117421.403130573,105455.783048724
